SC,TO,Action,Location,timestamp_start,timestamp_end,duration_visit
SC004,TO_CO_TFTU000001,PICK,at QC001,2024-11-14 10:27:18,2024-11-14 10:28:07,0 days 00:00:49
SC014,TO_CO_TFTU000005,PICK,at QC003,2024-11-14 10:27:18,2024-11-14 10:28:07,0 days 00:00:49
SC013,TO_CO_TFTU000007,PICK,at QC003,2024-11-14 10:27:19,2024-11-14 10:28:09,0 days 00:00:50
SC012,TO_CO_TFTU000006,PICK,at QC003,2024-11-14 10:27:21,2024-11-14 10:29:07,0 days 00:01:46
SC010,TO_CO_TFTU000008,PICK,at QC003,2024-11-14 10:27:25,2024-11-14 10:29:09,0 days 00:01:44
SC005,TO_CO_TFTU000019,PICK,at QC003,2024-11-14 10:27:34,2024-11-14 10:30:07,0 days 00:02:33
SC003,TO_CO_TFTU000020,PICK,at QC003,2024-11-14 10:27:37,2024-11-14 10:30:09,0 days 00:02:32
SC002,TO_CO_TFTU000023,PICK,at QC003,2024-11-14 10:27:39,2024-11-14 10:31:07,0 days 00:03:28
SC001,TO_CO_TFTU000018,PICK,at QC003,2024-11-14 10:27:41,2024-11-14 10:31:09,0 days 00:03:28
SC019,TO_CO_TFTU000002,PICK,at QC005,2024-11-14 10:27:45,2024-11-14 10:28:34,0 days 00:00:49
SC017,TO_CO_TFTU000016,PICK,at QC005,2024-11-14 10:27:48,2024-11-14 10:28:38,0 days 00:00:50
SC011,TO_CO_TFTU000017,PICK,at QC005,2024-11-14 10:27:59,2024-11-14 10:29:34,0 days 00:01:35
SC020,TO_CO_TFTU000004,PICK,at QC006,2024-11-14 10:28:01,2024-11-14 10:28:51,0 days 00:00:50
SC008,TO_CO_TFTU000011,PICK,at QC005,2024-11-14 10:28:04,2024-11-14 10:29:38,0 days 00:01:34
SC006,TO_CO_TFTU000010,PICK,at QC005,2024-11-14 10:28:08,2024-11-14 10:30:34,0 days 00:02:26
SC016,TO_CO_TFTU000003,PICK,at QC006,2024-11-14 10:28:08,2024-11-14 10:28:58,0 days 00:00:50
SC015,TO_CO_TFTU000012,PICK,at QC006,2024-11-14 10:28:10,2024-11-14 10:29:51,0 days 00:01:41
SC018,TO_CO_TFTU000009,PICK,at QC007,2024-11-14 10:28:22,2024-11-14 10:29:12,0 days 00:00:50
SC007,TO_CO_TFTU000013,PICK,at QC006,2024-11-14 10:28:24,2024-11-14 10:29:58,0 days 00:01:34
SC009,TO_CO_TFTU000014,PICK,at QC007,2024-11-14 10:28:39,2024-11-14 10:29:28,0 days 00:00:49
SC014,TO_CO_TFTU000005,DROP,at YARD001.59,2024-11-14 10:29:21,2024-11-14 10:30:22,0 days 00:01:01
SC013,TO_CO_TFTU000007,DROP,at WS007.01,2024-11-14 10:29:23,2024-11-14 10:30:23,0 days 00:01:00
SC004,TO_CO_TFTU000001,DROP,at WS007.01,2024-11-14 10:29:39,2024-11-14 10:30:39,0 days 00:01:00
SC012,TO_CO_TFTU000006,DROP,at YARD001.36,2024-11-14 10:29:40,2024-11-14 10:30:40,0 days 00:01:00
SC020,TO_CO_TFTU000004,DROP,at YARD001.19,2024-11-14 10:29:58,2024-11-14 10:30:58,0 days 00:01:00
SC017,TO_CO_TFTU000016,DROP,at WS010.01,2024-11-14 10:30:06,2024-11-14 10:31:05,0 days 00:00:59
SC019,TO_CO_TFTU000002,DROP,at WS012.01,2024-11-14 10:30:20,2024-11-14 10:31:20,0 days 00:01:00
SC010,TO_CO_TFTU000008,DROP,at WS007.01,2024-11-14 10:30:23,2024-11-14 10:31:23,0 days 00:01:00
SC011,TO_CO_TFTU000017,DROP,at WS007.01,2024-11-14 10:30:35,2024-11-14 10:31:40,0 days 00:01:05
SC014,TO_CO_TFTU000038,PICK,at QC007,2024-11-14 10:30:35,2024-11-14 10:31:35,0 days 00:01:00
SC003,TO_CO_TFTU000020,DROP,at YARD001.36,2024-11-14 10:30:42,2024-11-14 10:31:42,0 days 00:01:00
SC015,TO_CO_TFTU000012,DROP,at WS002.01,2024-11-14 10:30:43,2024-11-14 10:31:42,0 days 00:00:59
SC012,TO_CO_TFTU000024,PICK,at QC005,2024-11-14 10:30:58,2024-11-14 10:31:59,0 days 00:01:01
SC020,TO_CO_TFTU000034,PICK,at QC003,2024-11-14 10:31:11,2024-11-14 10:32:11,0 days 00:01:00
SC005,TO_CO_TFTU000019,DROP,at YARD001.55,2024-11-14 10:31:14,2024-11-14 10:32:14,0 days 00:01:00
SC016,TO_CO_TFTU000003,DROP,at WS015.01,2024-11-14 10:31:29,2024-11-14 10:32:28,0 days 00:00:59
SC008,TO_CO_TFTU000011,DROP,at WS013.01,2024-11-14 10:31:33,2024-11-14 10:32:32,0 days 00:00:59
SC013,TO_CO_TFTU000046,PICK,at QC003,2024-11-14 10:31:37,2024-11-14 10:32:37,0 days 00:01:00
SC004,TO_CO_TFTU000047,PICK,at QC005,2024-11-14 10:31:40,2024-11-14 10:32:40,0 days 00:01:00
SC003,TO_CO_TFTU000032,PICK,at QC005,2024-11-14 10:32:00,2024-11-14 10:33:01,0 days 00:01:01
SC007,TO_CO_TFTU000013,DROP,at WS012.01,2024-11-14 10:32:02,2024-11-14 10:33:01,0 days 00:00:59
SC018,TO_CO_TFTU000009,DROP,at WS016.01,2024-11-14 10:32:10,2024-11-14 10:33:10,0 days 00:01:00
SC015,TO_CO_TFTU000051,PICK,at QC005,2024-11-14 10:32:16,2024-11-14 10:33:41,0 days 00:01:25
SC009,TO_CO_TFTU000014,DROP,at WS015.01,2024-11-14 10:32:17,2024-11-14 10:33:17,0 days 00:01:00
SC005,TO_CO_TFTU000027,PICK,at QC006,2024-11-14 10:32:27,2024-11-14 10:33:28,0 days 00:01:01
SC017,TO_CO_TFTU000029,PICK,at RAIL001.76,2024-11-14 10:32:37,2024-11-14 10:33:38,0 days 00:01:01
SC011,TO_CO_TFTU000052,PICK,at QC005,2024-11-14 10:32:41,2024-11-14 10:34:01,0 days 00:01:20
SC010,TO_CO_TFTU000026,PICK,at QC006,2024-11-14 10:32:42,2024-11-14 10:33:42,0 days 00:01:00
SC006,TO_CO_TFTU000010,DROP,at WS015.01,2024-11-14 10:32:47,2024-11-14 10:33:47,0 days 00:01:00
SC020,TO_CO_TFTU000034,DROP,at WS002.01,2024-11-14 10:32:58,2024-11-14 10:33:58,0 days 00:01:00
SC012,TO_CO_TFTU000024,DROP,at WS007.01,2024-11-14 10:33:00,2024-11-14 10:34:00,0 days 00:01:00
SC019,TO_CO_TFTU000056,PICK,at QC004,2024-11-14 10:33:01,2024-11-14 10:34:01,0 days 00:01:00
SC014,TO_CO_TFTU000038,DROP,at WS004.01,2024-11-14 10:33:03,2024-11-14 10:34:03,0 days 00:01:00
SC001,TO_CO_TFTU000018,DROP,at WS012.01,2024-11-14 10:33:08,2024-11-14 10:34:08,0 days 00:01:00
SC013,TO_CO_TFTU000046,DROP,at YARD001.36,2024-11-14 10:33:10,2024-11-14 10:34:10,0 days 00:01:00
SC004,TO_CO_TFTU000047,DROP,at WS003.01,2024-11-14 10:33:23,2024-11-14 10:34:23,0 days 00:01:00
SC002,TO_CO_TFTU000023,DROP,at WS015.01,2024-11-14 10:33:33,2024-11-14 10:34:33,0 days 00:01:00
SC003,TO_CO_TFTU000032,DROP,at YARD001.25,2024-11-14 10:33:39,2024-11-14 10:34:39,0 days 00:01:00
SC010,TO_CO_TFTU000026,DROP,at YARD001.54,2024-11-14 10:33:53,2024-11-14 10:34:54,0 days 00:01:01
SC011,TO_CO_TFTU000052,DROP,at YARD001.46,2024-11-14 10:34:16,2024-11-14 10:35:16,0 days 00:01:00
SC015,TO_CO_TFTU000051,DROP,at WS003.01,2024-11-14 10:34:24,2024-11-14 10:35:23,0 days 00:00:59
SC020,TO_CO_TFTU000066,PICK,at QC004,2024-11-14 10:34:27,2024-11-14 10:35:27,0 days 00:01:00
SC019,TO_CO_TFTU000056,DROP,at WS003.01,2024-11-14 10:34:39,2024-11-14 10:35:39,0 days 00:01:00
SC008,TO_CO_TFTU000063,PICK,at QC003,2024-11-14 10:34:40,2024-11-14 10:35:40,0 days 00:01:00
SC016,TO_CO_TFTU000033,PICK,at RAIL001.81,2024-11-14 10:34:42,2024-11-14 10:35:43,0 days 00:01:01
SC013,TO_CO_TFTU000059,PICK,at QC006,2024-11-14 10:34:46,2024-11-14 10:35:47,0 days 00:01:01
SC007,TO_CO_TFTU000071,PICK,at QC005,2024-11-14 10:34:47,2024-11-14 10:35:47,0 days 00:01:00
SC005,TO_CO_TFTU000027,DROP,at WS007.01,2024-11-14 10:34:47,2024-11-14 10:35:47,0 days 00:01:00
SC003,TO_CO_TFTU000045,PICK,at QC003,2024-11-14 10:34:52,2024-11-14 10:35:52,0 days 00:01:00
SC017,TO_CO_TFTU000029,DROP,at WS007.01,2024-11-14 10:34:57,2024-11-14 10:35:57,0 days 00:01:00
SC012,TO_CO_TFTU000074,PICK,at QC005,2024-11-14 10:35:01,2024-11-14 10:36:01,0 days 00:01:00
SC010,TO_CO_TFTU000037,PICK,at QC006,2024-11-14 10:35:05,2024-11-14 10:36:06,0 days 00:01:01
SC004,TO_CO_TFTU000072,PICK,at QC005,2024-11-14 10:35:06,2024-11-14 10:36:48,0 days 00:01:42
SC014,TO_CO_TFTU000053,PICK,at QC006,2024-11-14 10:35:13,2024-11-14 10:36:48,0 days 00:01:35
SC009,TO_CO_TFTU000036,PICK,at QC005,2024-11-14 10:35:30,2024-11-14 10:37:02,0 days 00:01:32
SC011,TO_CO_TFTU000069,PICK,at QC006,2024-11-14 10:35:34,2024-11-14 10:37:07,0 days 00:01:33
SC020,TO_CO_TFTU000066,DROP,at YARD001.31,2024-11-14 10:35:36,2024-11-14 10:36:36,0 days 00:01:00
SC018,TO_CO_TFTU000090,PICK,at QC006,2024-11-14 10:35:50,2024-11-14 10:37:48,0 days 00:01:58
SC001,TO_CO_TFTU000068,PICK,at QC005,2024-11-14 10:35:54,2024-11-14 10:37:48,0 days 00:01:54
SC006,TO_CO_TFTU000082,PICK,at QC005,2024-11-14 10:36:00,2024-11-14 10:38:02,0 days 00:02:02
SC003,TO_CO_TFTU000045,DROP,at YARD001.20,2024-11-14 10:36:03,2024-11-14 10:37:04,0 days 00:01:01
SC013,TO_CO_TFTU000059,DROP,at YARD001.58,2024-11-14 10:36:05,2024-11-14 10:37:06,0 days 00:01:01
SC015,TO_CO_TFTU000067,PICK,at QC005,2024-11-14 10:36:06,2024-11-14 10:38:49,0 days 00:02:43
SC008,TO_CO_TFTU000063,DROP,at YARD001.10,2024-11-14 10:36:09,2024-11-14 10:37:10,0 days 00:01:01
SC007,TO_CO_TFTU000071,DROP,at WS002.01,2024-11-14 10:36:21,2024-11-14 10:37:21,0 days 00:01:00
SC019,TO_CO_TFTU000035,PICK,at QC005,2024-11-14 10:36:22,2024-11-14 10:39:03,0 days 00:02:41
SC012,TO_CO_TFTU000074,DROP,at YARD001.24,2024-11-14 10:36:41,2024-11-14 10:37:41,0 days 00:01:00
SC020,TO_CO_TFTU000031,PICK,at QC004,2024-11-14 10:36:45,2024-11-14 10:37:46,0 days 00:01:01
SC005,TO_CO_TFTU000073,PICK,at QC005,2024-11-14 10:36:48,2024-11-14 10:39:49,0 days 00:03:01
SC002,TO_CO_TFTU000085,PICK,at RAIL001.65,2024-11-14 10:36:56,2024-11-14 10:37:56,0 days 00:01:00
SC017,TO_CO_TFTU000065,PICK,at QC003,2024-11-14 10:37:11,2024-11-14 10:38:11,0 days 00:01:00
SC003,TO_CO_TFTU000064,PICK,at QC003,2024-11-14 10:37:15,2024-11-14 10:38:16,0 days 00:01:01
SC013,TO_CO_TFTU000070,PICK,at QC007,2024-11-14 10:37:21,2024-11-14 10:38:21,0 days 00:01:00
SC016,TO_CO_TFTU000033,DROP,at WS003.01,2024-11-14 10:37:23,2024-11-14 10:38:23,0 days 00:01:00
SC008,TO_CO_TFTU000039,PICK,at RAIL001.01,2024-11-14 10:37:44,2024-11-14 10:38:44,0 days 00:01:00
SC004,TO_CO_TFTU000072,DROP,at YARD001.14,2024-11-14 10:37:46,2024-11-14 10:38:46,0 days 00:01:00
SC014,TO_CO_TFTU000053,DROP,at WS003.01,2024-11-14 10:37:49,2024-11-14 10:38:48,0 days 00:00:59
SC010,TO_CO_TFTU000037,DROP,at WS010.01,2024-11-14 10:37:52,2024-11-14 10:38:52,0 days 00:01:00
SC012,TO_CO_TFTU000086,PICK,at QC003,2024-11-14 10:37:52,2024-11-14 10:39:12,0 days 00:01:20
SC007,TO_CO_TFTU000089,PICK,at QC005,2024-11-14 10:37:55,2024-11-14 10:40:03,0 days 00:02:08
SC018,TO_CO_TFTU000090,DROP,at YARD001.52,2024-11-14 10:37:56,2024-11-14 10:38:56,0 days 00:01:00
SC011,TO_CO_TFTU000069,DROP,at WS002.01,2024-11-14 10:37:59,2024-11-14 10:38:58,0 days 00:00:59
SC006,TO_CO_TFTU000082,DROP,at YARD001.31,2024-11-14 10:38:29,2024-11-14 10:39:30,0 days 00:01:01
SC009,TO_CO_TFTU000036,DROP,at WS010.01,2024-11-14 10:38:30,2024-11-14 10:39:29,0 days 00:00:59
SC004,TO_CO_TFTU000062,PICK,at QC001,2024-11-14 10:38:57,2024-11-14 10:39:57,0 days 00:01:00
SC001,TO_CO_TFTU000068,DROP,at YARD001.05,2024-11-14 10:38:59,2024-11-14 10:39:59,0 days 00:01:00
SC018,TO_CO_TFTU000075,PICK,at QC006,2024-11-14 10:39:04,2024-11-14 10:40:04,0 days 00:01:00
SC003,TO_CO_TFTU000064,DROP,at YARD001.45,2024-11-14 10:39:05,2024-11-14 10:40:06,0 days 00:01:01
SC015,TO_CO_TFTU000067,DROP,at WS001.01,2024-11-14 10:39:14,2024-11-14 10:40:13,0 days 00:00:59
SC013,TO_CO_TFTU000070,DROP,at YARD001.36,2024-11-14 10:39:15,2024-11-14 10:40:16,0 days 00:01:01
SC017,TO_CO_TFTU000065,DROP,at WS004.01,2024-11-14 10:39:16,2024-11-14 10:40:16,0 days 00:01:00
SC016,TO_CO_TFTU000096,PICK,at QC003,2024-11-14 10:39:19,2024-11-14 10:40:19,0 days 00:01:00
SC020,TO_CO_TFTU000031,DROP,at WS012.01,2024-11-14 10:39:27,2024-11-14 10:40:27,0 days 00:01:00
SC002,TO_CO_TFTU000085,DROP,at WS003.01,2024-11-14 10:39:27,2024-11-14 10:40:27,0 days 00:01:00
SC014,TO_CO_TFTU000104,PICK,at QC005,2024-11-14 10:39:31,2024-11-14 10:40:50,0 days 00:01:19
SC011,TO_CO_TFTU000103,PICK,at QC003,2024-11-14 10:39:45,2024-11-14 10:40:45,0 days 00:01:00
SC006,TO_CO_TFTU000095,PICK,at QC003,2024-11-14 10:39:54,2024-11-14 10:41:19,0 days 00:01:25
SC012,TO_CO_TFTU000086,DROP,at WS002.01,2024-11-14 10:39:59,2024-11-14 10:40:59,0 days 00:01:00
SC008,TO_CO_TFTU000039,DROP,at WS003.01,2024-11-14 10:40:12,2024-11-14 10:41:12,0 days 00:01:00
SC007,TO_CO_TFTU000089,DROP,at YARD001.44,2024-11-14 10:40:14,2024-11-14 10:41:15,0 days 00:01:01
SC001,TO_CO_TFTU000080,PICK,at QC001,2024-11-14 10:40:16,2024-11-14 10:41:16,0 days 00:01:00
SC010,TO_CO_TFTU000100,PICK,at QC005,2024-11-14 10:40:20,2024-11-14 10:41:20,0 days 00:01:00
SC003,TO_CO_TFTU000107,PICK,at QC006,2024-11-14 10:40:26,2024-11-14 10:41:27,0 days 00:01:01
SC019,TO_CO_TFTU000035,DROP,at WS010.01,2024-11-14 10:40:31,2024-11-14 10:41:30,0 days 00:00:59
SC013,TO_CO_TFTU000111,PICK,at QC004,2024-11-14 10:40:31,2024-11-14 10:41:31,0 days 00:01:00
SC016,TO_CO_TFTU000096,DROP,at YARD001.27,2024-11-14 10:40:36,2024-11-14 10:41:36,0 days 00:01:00
SC015,TO_CO_TFTU000113,PICK,at QC005,2024-11-14 10:40:38,2024-11-14 10:41:50,0 days 00:01:12
SC009,TO_CO_TFTU000099,PICK,at QC005,2024-11-14 10:40:57,2024-11-14 10:42:21,0 days 00:01:24
SC004,TO_CO_TFTU000062,DROP,at WS002.01,2024-11-14 10:41:02,2024-11-14 10:42:02,0 days 00:01:00
SC017,TO_CO_TFTU000105,PICK,at QC005,2024-11-14 10:41:08,2024-11-14 10:42:51,0 days 00:01:43
SC018,TO_CO_TFTU000075,DROP,at YARD001.19,2024-11-14 10:41:11,2024-11-14 10:42:11,0 days 00:01:00
SC005,TO_CO_TFTU000073,DROP,at WS010.01,2024-11-14 10:41:17,2024-11-14 10:42:17,0 days 00:01:00
SC014,TO_CO_TFTU000104,DROP,at YARD001.27,2024-11-14 10:41:25,2024-11-14 10:42:24,0 days 00:00:59
SC012,TO_CO_TFTU000040,PICK,at QC005,2024-11-14 10:41:33,2024-11-14 10:43:21,0 days 00:01:48
SC007,TO_CO_TFTU000114,PICK,at QC006,2024-11-14 10:41:37,2024-11-14 10:42:37,0 days 00:01:00
SC013,TO_CO_TFTU000111,DROP,at YARD001.31,2024-11-14 10:41:40,2024-11-14 10:42:41,0 days 00:01:01
SC011,TO_CO_TFTU000103,DROP,at WS003.01,2024-11-14 10:41:41,2024-11-14 10:42:41,0 days 00:01:00
SC006,TO_CO_TFTU000095,DROP,at YARD001.14,2024-11-14 10:41:42,2024-11-14 10:42:42,0 days 00:01:00
SC010,TO_CO_TFTU000100,DROP,at YARD001.50,2024-11-14 10:41:42,2024-11-14 10:42:42,0 days 00:01:00
SC002,TO_CO_TFTU000120,PICK,at QC007,2024-11-14 10:41:46,2024-11-14 10:42:46,0 days 00:01:00
SC016,TO_CO_TFTU000097,PICK,at QC003,2024-11-14 10:41:53,2024-11-14 10:42:53,0 days 00:01:00
SC008,TO_CO_TFTU000087,PICK,at QC005,2024-11-14 10:41:55,2024-11-14 10:43:51,0 days 00:01:56
SC015,TO_CO_TFTU000113,DROP,at YARD001.44,2024-11-14 10:42:01,2024-11-14 10:43:01,0 days 00:01:00
SC020,TO_CO_TFTU000125,PICK,at QC005,2024-11-14 10:42:13,2024-11-14 10:44:22,0 days 00:02:09
SC003,TO_CO_TFTU000107,DROP,at WS002.01,2024-11-14 10:42:19,2024-11-14 10:43:19,0 days 00:01:00
SC001,TO_CO_TFTU000080,DROP,at WS002.01,2024-11-14 10:42:21,2024-11-14 10:43:21,0 days 00:01:00
SC018,TO_CO_TFTU000098,PICK,at QC003,2024-11-14 10:42:24,2024-11-14 10:43:24,0 days 00:01:00
SC004,TO_CO_TFTU000116,PICK,at QC005,2024-11-14 10:42:36,2024-11-14 10:44:51,0 days 00:02:15
SC014,TO_CO_TFTU000121,PICK,at QC003,2024-11-14 10:42:41,2024-11-14 10:43:54,0 days 00:01:13
SC019,TO_CO_TFTU000123,PICK,at QC004,2024-11-14 10:42:53,2024-11-14 10:43:53,0 days 00:01:00
SC006,TO_CO_TFTU000081,PICK,at QC001,2024-11-14 10:42:53,2024-11-14 10:43:53,0 days 00:01:00
SC010,TO_CO_TFTU000102,PICK,at QC006,2024-11-14 10:42:53,2024-11-14 10:43:54,0 days 00:01:01
SC013,TO_CO_TFTU000122,PICK,at QC003,2024-11-14 10:43:05,2024-11-14 10:44:24,0 days 00:01:19
SC015,TO_CO_TFTU000127,PICK,at QC006,2024-11-14 10:43:23,2024-11-14 10:44:24,0 days 00:01:01
SC009,TO_CO_TFTU000099,DROP,at YARD001.05,2024-11-14 10:43:32,2024-11-14 10:44:31,0 days 00:00:59
SC011,TO_CO_TFTU000030,PICK,at QC003,2024-11-14 10:43:37,2024-11-14 10:44:54,0 days 00:01:17
SC002,TO_CO_TFTU000120,DROP,at YARD001.36,2024-11-14 10:43:40,2024-11-14 10:44:41,0 days 00:01:01
SC007,TO_CO_TFTU000114,DROP,at YARD001.20,2024-11-14 10:43:42,2024-11-14 10:44:43,0 days 00:01:01
SC005,TO_CO_TFTU000126,PICK,at QC005,2024-11-14 10:43:45,2024-11-14 10:45:22,0 days 00:01:37
SC001,TO_CO_TFTU000057,PICK,at QC005,2024-11-14 10:43:55,2024-11-14 10:45:52,0 days 00:01:57
SC003,TO_CO_TFTU000043,PICK,at QC006,2024-11-14 10:44:11,2024-11-14 10:45:11,0 days 00:01:00
SC016,TO_CO_TFTU000097,DROP,at YARD001.62,2024-11-14 10:44:13,2024-11-14 10:45:13,0 days 00:01:00
SC017,TO_CO_TFTU000105,DROP,at WS010.01,2024-11-14 10:44:19,2024-11-14 10:45:18,0 days 00:00:59
SC018,TO_CO_TFTU000098,DROP,at WS004.01,2024-11-14 10:44:29,2024-11-14 10:45:29,0 days 00:01:00
SC014,TO_CO_TFTU000121,DROP,at WS001.01,2024-11-14 10:44:32,2024-11-14 10:45:32,0 days 00:01:00
SC019,TO_CO_TFTU000123,DROP,at WS004.01,2024-11-14 10:44:40,2024-11-14 10:45:40,0 days 00:01:00
SC020,TO_CO_TFTU000125,DROP,at WS001.01,2024-11-14 10:44:47,2024-11-14 10:45:46,0 days 00:00:59
SC007,TO_CO_TFTU000128,PICK,at QC003,2024-11-14 10:44:54,2024-11-14 10:45:55,0 days 00:01:01
SC009,TO_CO_TFTU000094,PICK,at RAIL001.01,2024-11-14 10:44:59,2024-11-14 10:46:00,0 days 00:01:01
SC002,TO_CO_TFTU000117,PICK,at QC005,2024-11-14 10:44:59,2024-11-14 10:46:23,0 days 00:01:24
SC012,TO_CO_TFTU000040,DROP,at WS012.01,2024-11-14 10:45:07,2024-11-14 10:46:07,0 days 00:01:00
SC015,TO_CO_TFTU000127,DROP,at YARD001.29,2024-11-14 10:45:13,2024-11-14 10:46:14,0 days 00:01:01
SC006,TO_CO_TFTU000081,DROP,at WS004.01,2024-11-14 10:45:16,2024-11-14 10:46:29,0 days 00:01:13
SC008,TO_CO_TFTU000087,DROP,at WS010.01,2024-11-14 10:45:19,2024-11-14 10:46:19,0 days 00:01:00
SC010,TO_CO_TFTU000102,DROP,at WS008.01,2024-11-14 10:45:22,2024-11-14 10:46:22,0 days 00:01:00
SC004,TO_CO_TFTU000116,DROP,at WS002.01,2024-11-14 10:45:25,2024-11-14 10:46:25,0 days 00:01:00
SC013,TO_CO_TFTU000122,DROP,at WS004.01,2024-11-14 10:45:29,2024-11-14 10:46:40,0 days 00:01:11
SC016,TO_CO_TFTU000130,PICK,at QC006,2024-11-14 10:45:39,2024-11-14 10:46:39,0 days 00:01:00
SC005,TO_CO_TFTU000126,DROP,at YARD001.27,2024-11-14 10:45:57,2024-11-14 10:46:57,0 days 00:01:00
SC014,TO_CO_TFTU000133,PICK,at QC005,2024-11-14 10:45:57,2024-11-14 10:46:56,0 days 00:00:59
SC007,TO_CO_TFTU000128,DROP,at YARD001.14,2024-11-14 10:46:17,2024-11-14 10:47:17,0 days 00:01:00
SC020,TO_CO_TFTU000137,PICK,at QC003,2024-11-14 10:46:24,2024-11-14 10:47:24,0 days 00:01:00
SC019,TO_CO_TFTU000106,PICK,at QC005,2024-11-14 10:46:32,2024-11-14 10:47:32,0 days 00:01:00
SC015,TO_CO_TFTU000138,PICK,at QC003,2024-11-14 10:46:34,2024-11-14 10:47:35,0 days 00:01:01
SC018,TO_CO_TFTU000129,PICK,at QC006,2024-11-14 10:46:39,2024-11-14 10:47:39,0 days 00:01:00
SC017,TO_CO_TFTU000015,PICK,at QC005,2024-11-14 10:46:46,2024-11-14 10:47:57,0 days 00:01:11
SC011,TO_CO_TFTU000030,DROP,at WS012.01,2024-11-14 10:46:53,2024-11-14 10:47:53,0 days 00:01:00
SC003,TO_CO_TFTU000043,DROP,at WS010.01,2024-11-14 10:46:57,2024-11-14 10:47:57,0 days 00:01:00
SC002,TO_CO_TFTU000117,DROP,at WS003.01,2024-11-14 10:47:06,2024-11-14 10:48:05,0 days 00:00:59
SC014,TO_CO_TFTU000133,DROP,at YARD001.36,2024-11-14 10:47:14,2024-11-14 10:48:15,0 days 00:01:01
SC005,TO_CO_TFTU000140,PICK,at QC003,2024-11-14 10:47:14,2024-11-14 10:48:24,0 days 00:01:10
SC004,TO_CO_TFTU000142,PICK,at QC006,2024-11-14 10:47:17,2024-11-14 10:48:17,0 days 00:01:00
SC009,TO_CO_TFTU000094,DROP,at WS003.01,2024-11-14 10:47:28,2024-11-14 10:48:28,0 days 00:01:00
SC008,TO_CO_TFTU000110,PICK,at RAIL001.109,2024-11-14 10:47:35,2024-11-14 10:48:35,0 days 00:01:00
SC001,TO_CO_TFTU000057,DROP,at WS012.01,2024-11-14 10:47:38,2024-11-14 10:48:37,0 days 00:00:59
SC006,TO_CO_TFTU000135,PICK,at QC006,2024-11-14 10:47:39,2024-11-14 10:48:39,0 days 00:01:00
SC007,TO_CO_TFTU000132,PICK,at QC003,2024-11-14 10:47:39,2024-11-14 10:48:39,0 days 00:01:00
SC020,TO_CO_TFTU000137,DROP,at YARD001.29,2024-11-14 10:47:44,2024-11-14 10:48:44,0 days 00:01:00
SC013,TO_CO_TFTU000025,PICK,at QC006,2024-11-14 10:47:50,2024-11-14 10:49:18,0 days 00:01:28
SC012,TO_CO_TFTU000139,PICK,at QC003,2024-11-14 10:48:06,2024-11-14 10:49:24,0 days 00:01:18
SC010,TO_CO_TFTU000131,PICK,at RAIL001.20,2024-11-14 10:48:06,2024-11-14 10:49:07,0 days 00:01:01
SC016,TO_CO_TFTU000130,DROP,at YARD001.04,2024-11-14 10:48:09,2024-11-14 10:49:10,0 days 00:01:01
SC015,TO_CO_TFTU000138,DROP,at YARD001.38,2024-11-14 10:48:11,2024-11-14 10:49:12,0 days 00:01:01
SC004,TO_CO_TFTU000142,DROP,at YARD001.50,2024-11-14 10:48:28,2024-11-14 10:49:29,0 days 00:01:01
SC014,TO_CO_TFTU000147,PICK,at QC005,2024-11-14 10:48:33,2024-11-14 10:49:34,0 days 00:01:01
SC002,TO_CO_TFTU000124,PICK,at QC005,2024-11-14 10:48:48,2024-11-14 10:49:48,0 days 00:01:00
SC019,TO_CO_TFTU000106,DROP,at WS010.01,2024-11-14 10:49:00,2024-11-14 10:50:00,0 days 00:01:00
SC007,TO_CO_TFTU000132,DROP,at YARD001.31,2024-11-14 10:49:03,2024-11-14 10:50:03,0 days 00:01:00
SC020,TO_CO_TFTU000146,PICK,at QC003,2024-11-14 10:49:04,2024-11-14 10:50:05,0 days 00:01:01
SC018,TO_CO_TFTU000129,DROP,at YARD001.03,2024-11-14 10:49:11,2024-11-14 10:50:11,0 days 00:01:00
SC003,TO_CO_TFTU000088,PICK,at QC005,2024-11-14 10:49:25,2024-11-14 10:50:35,0 days 00:01:10
SC005,TO_CO_TFTU000140,DROP,at WS004.01,2024-11-14 10:49:29,2024-11-14 10:50:29,0 days 00:01:00
SC009,TO_CO_TFTU000151,PICK,at QC006,2024-11-14 10:49:29,2024-11-14 10:50:29,0 days 00:01:00
SC011,TO_CO_TFTU000153,PICK,at QC004,2024-11-14 10:49:34,2024-11-14 10:50:34,0 days 00:01:00
SC016,TO_CO_TFTU000109,PICK,at RAIL001.02,2024-11-14 10:49:37,2024-11-14 10:50:37,0 days 00:01:00
SC004,TO_CO_TFTU000119,PICK,at QC006,2024-11-14 10:49:40,2024-11-14 10:50:41,0 days 00:01:01
SC012,TO_CO_TFTU000139,DROP,at YARD001.27,2024-11-14 10:49:42,2024-11-14 10:50:41,0 days 00:00:59
SC015,TO_CO_TFTU000156,PICK,at QC006,2024-11-14 10:49:45,2024-11-14 10:51:29,0 days 00:01:44
SC014,TO_CO_TFTU000147,DROP,at YARD001.51,2024-11-14 10:49:58,2024-11-14 10:50:58,0 days 00:01:00
SC006,TO_CO_TFTU000135,DROP,at WS008.01,2024-11-14 10:50:07,2024-11-14 10:51:07,0 days 00:01:00
SC007,TO_CO_TFTU000141,PICK,at QC004,2024-11-14 10:50:12,2024-11-14 10:51:13,0 days 00:01:01
SC017,TO_CO_TFTU000015,DROP,at WS016.01,2024-11-14 10:50:19,2024-11-14 10:51:18,0 days 00:00:59
SC010,TO_CO_TFTU000131,DROP,at WS003.01,2024-11-14 10:50:24,2024-11-14 10:51:25,0 days 00:01:01
SC008,TO_CO_TFTU000110,DROP,at WS014.01,2024-11-14 10:50:27,2024-11-14 10:51:27,0 days 00:01:00
SC001,TO_CO_TFTU000152,PICK,at QC006,2024-11-14 10:50:41,2024-11-14 10:51:42,0 days 00:01:01
SC018,TO_CO_TFTU000115,PICK,at RAIL001.15,2024-11-14 10:50:43,2024-11-14 10:51:44,0 days 00:01:01
SC009,TO_CO_TFTU000151,DROP,at YARD001.57,2024-11-14 10:50:46,2024-11-14 10:51:46,0 days 00:01:00
SC002,TO_CO_TFTU000124,DROP,at WS008.01,2024-11-14 10:50:58,2024-11-14 10:51:58,0 days 00:01:00
SC012,TO_CO_TFTU000158,PICK,at QC004,2024-11-14 10:50:58,2024-11-14 10:51:58,0 days 00:01:00
SC014,TO_CO_TFTU000091,PICK,at QC006,2024-11-14 10:51:07,2024-11-14 10:52:30,0 days 00:01:23
SC011,TO_CO_TFTU000153,DROP,at WS003.01,2024-11-14 10:51:12,2024-11-14 10:52:12,0 days 00:01:00
SC020,TO_CO_TFTU000146,DROP,at WS007.01,2024-11-14 10:51:19,2024-11-14 10:52:19,0 days 00:01:00
SC005,TO_CO_TFTU000149,PICK,at QC005,2024-11-14 10:51:21,2024-11-14 10:52:21,0 days 00:01:00
SC013,TO_CO_TFTU000025,DROP,at WS012.01,2024-11-14 10:51:22,2024-11-14 10:52:21,0 days 00:00:59
SC019,TO_CO_TFTU000164,PICK,at QC006,2024-11-14 10:51:46,2024-11-14 10:52:46,0 days 00:01:00
SC007,TO_CO_TFTU000141,DROP,at YARD001.14,2024-11-14 10:51:53,2024-11-14 10:52:53,0 days 00:01:00
SC009,TO_CO_TFTU000054,PICK,at QC007,2024-11-14 10:52:03,2024-11-14 10:53:03,0 days 00:01:00
SC004,TO_CO_TFTU000119,DROP,at WS008.01,2024-11-14 10:52:09,2024-11-14 10:53:09,0 days 00:01:00
SC015,TO_CO_TFTU000156,DROP,at WS001.01,2024-11-14 10:52:12,2024-11-14 10:53:12,0 days 00:01:00
SC010,TO_CO_TFTU000160,PICK,at QC003,2024-11-14 10:52:21,2024-11-14 10:53:21,0 days 00:01:00
SC003,TO_CO_TFTU000088,DROP,at WS013.01,2024-11-14 10:52:30,2024-11-14 10:53:29,0 days 00:00:59
SC006,TO_CO_TFTU000166,PICK,at QC003,2024-11-14 10:52:30,2024-11-14 10:53:30,0 days 00:01:00
SC001,TO_CO_TFTU000152,DROP,at YARD001.24,2024-11-14 10:52:40,2024-11-14 10:53:40,0 days 00:01:00
SC011,TO_CO_TFTU000154,PICK,at QC005,2024-11-14 10:52:55,2024-11-14 10:53:54,0 days 00:00:59
SC016,TO_CO_TFTU000109,DROP,at WS011.01,2024-11-14 10:52:58,2024-11-14 10:53:59,0 days 00:01:01
SC007,TO_CO_TFTU000022,PICK,at QC001,2024-11-14 10:53:04,2024-11-14 10:54:05,0 days 00:01:01
SC002,TO_CO_TFTU000167,PICK,at QC005,2024-11-14 10:53:08,2024-11-14 10:54:08,0 days 00:01:00
SC018,TO_CO_TFTU000115,DROP,at WS004.01,2024-11-14 10:53:13,2024-11-14 10:54:13,0 days 00:01:00
SC005,TO_CO_TFTU000149,DROP,at WS004.01,2024-11-14 10:53:13,2024-11-14 10:54:13,0 days 00:01:00
SC012,TO_CO_TFTU000158,DROP,at WS010.01,2024-11-14 10:53:21,2024-11-14 10:54:21,0 days 00:01:00
SC008,TO_CO_TFTU000112,PICK,at QC004,2024-11-14 10:53:26,2024-11-14 10:54:26,0 days 00:01:00
SC015,TO_CO_TFTU000155,PICK,at QC005,2024-11-14 10:53:37,2024-11-14 10:54:55,0 days 00:01:18
SC020,TO_CO_TFTU000143,PICK,at QC006,2024-11-14 10:53:38,2024-11-14 10:54:38,0 days 00:01:00
SC001,TO_CO_TFTU000165,PICK,at QC003,2024-11-14 10:53:51,2024-11-14 10:54:51,0 days 00:01:00
SC017,TO_CO_TFTU000049,PICK,at QC006,2024-11-14 10:53:58,2024-11-14 10:54:58,0 days 00:01:00
SC019,TO_CO_TFTU000164,DROP,at YARD001.14,2024-11-14 10:54:02,2024-11-14 10:55:02,0 days 00:01:00
SC010,TO_CO_TFTU000160,DROP,at WS004.01,2024-11-14 10:54:26,2024-11-14 10:55:26,0 days 00:01:00
SC014,TO_CO_TFTU000091,DROP,at WS012.01,2024-11-14 10:54:34,2024-11-14 10:55:34,0 days 00:01:00
SC004,TO_CO_TFTU000048,PICK,at QC006,2024-11-14 10:54:37,2024-11-14 10:55:40,0 days 00:01:03
SC006,TO_CO_TFTU000166,DROP,at YARD001.57,2024-11-14 10:54:41,2024-11-14 10:55:41,0 days 00:01:00
SC013,TO_CO_TFTU000021,PICK,at QC007,2024-11-14 10:54:43,2024-11-14 10:55:43,0 days 00:01:00
SC011,TO_CO_TFTU000154,DROP,at WS008.01,2024-11-14 10:55:04,2024-11-14 10:56:04,0 days 00:01:00
SC005,TO_CO_TFTU000161,PICK,at QC005,2024-11-14 10:55:05,2024-11-14 10:56:05,0 days 00:01:00
SC019,TO_CO_TFTU000173,PICK,at QC001,2024-11-14 10:55:13,2024-11-14 10:56:14,0 days 00:01:01
SC018,TO_CO_TFTU000175,PICK,at QC003,2024-11-14 10:55:18,2024-11-14 10:56:18,0 days 00:01:00
SC009,TO_CO_TFTU000054,DROP,at WS013.01,2024-11-14 10:55:34,2024-11-14 10:56:34,0 days 00:01:00
SC003,TO_CO_TFTU000076,PICK,at QC003,2024-11-14 10:55:37,2024-11-14 10:56:37,0 days 00:01:00
SC002,TO_CO_TFTU000167,DROP,at WS011.01,2024-11-14 10:55:45,2024-11-14 10:56:45,0 days 00:01:00
SC001,TO_CO_TFTU000165,DROP,at YARD001.48,2024-11-14 10:55:45,2024-11-14 10:56:46,0 days 00:01:01
SC016,TO_CO_TFTU000042,PICK,at QC006,2024-11-14 10:55:54,2024-11-14 10:56:54,0 days 00:01:00
SC006,TO_CO_TFTU000028,PICK,at QC007,2024-11-14 10:55:58,2024-11-14 10:56:58,0 days 00:01:00
SC015,TO_CO_TFTU000155,DROP,at YARD001.02,2024-11-14 10:56:11,2024-11-14 10:57:11,0 days 00:01:00
SC010,TO_CO_TFTU000174,PICK,at QC005,2024-11-14 10:56:18,2024-11-14 10:57:18,0 days 00:01:00
SC020,TO_CO_TFTU000143,DROP,at WS010.01,2024-11-14 10:56:24,2024-11-14 10:57:24,0 days 00:01:00
SC012,TO_CO_TFTU000078,PICK,at QC007,2024-11-14 10:56:25,2024-11-14 10:57:25,0 days 00:01:00
SC008,TO_CO_TFTU000112,DROP,at WS014.01,2024-11-14 10:56:25,2024-11-14 10:57:25,0 days 00:01:00
SC018,TO_CO_TFTU000175,DROP,at WS001.01,2024-11-14 10:56:56,2024-11-14 10:57:56,0 days 00:01:00
SC001,TO_CO_TFTU000170,PICK,at QC006,2024-11-14 10:57:01,2024-11-14 10:58:01,0 days 00:01:00
SC007,TO_CO_TFTU000022,DROP,at WS017.01,2024-11-14 10:57:07,2024-11-14 10:58:07,0 days 00:01:00
SC005,TO_CO_TFTU000161,DROP,at WS008.01,2024-11-14 10:57:15,2024-11-14 10:58:15,0 days 00:01:00
SC014,TO_CO_TFTU000041,PICK,at QC005,2024-11-14 10:57:20,2024-11-14 10:58:19,0 days 00:00:59
SC011,TO_CO_TFTU000176,PICK,at QC003,2024-11-14 10:57:27,2024-11-14 10:58:27,0 days 00:01:00
SC019,TO_CO_TFTU000173,DROP,at WS003.01,2024-11-14 10:57:28,2024-11-14 10:58:28,0 days 00:01:00
SC017,TO_CO_TFTU000049,DROP,at WS015.01,2024-11-14 10:57:29,2024-11-14 10:58:29,0 days 00:01:00
SC015,TO_CO_TFTU000079,PICK,at RAIL001.21,2024-11-14 10:57:45,2024-11-14 10:58:45,0 days 00:01:00
SC004,TO_CO_TFTU000048,DROP,at WS014.01,2024-11-14 10:58:02,2024-11-14 10:59:01,0 days 00:00:59
SC018,TO_CO_TFTU000159,PICK,at QC004,2024-11-14 10:58:16,2024-11-14 10:59:16,0 days 00:01:00
SC002,TO_CO_TFTU000187,PICK,at QC005,2024-11-14 10:58:22,2024-11-14 10:59:22,0 days 00:01:00
SC013,TO_CO_TFTU000021,DROP,at WS014.01,2024-11-14 10:58:23,2024-11-14 10:59:23,0 days 00:01:00
SC010,TO_CO_TFTU000174,DROP,at WS010.01,2024-11-14 10:58:46,2024-11-14 10:59:46,0 days 00:01:00
SC009,TO_CO_TFTU000083,PICK,at QC006,2024-11-14 10:58:47,2024-11-14 10:59:47,0 days 00:01:00
SC003,TO_CO_TFTU000076,DROP,at WS015.01,2024-11-14 10:59:03,2024-11-14 11:00:03,0 days 00:01:00
SC020,TO_CO_TFTU000184,PICK,at QC003,2024-11-14 10:59:05,2024-11-14 11:00:05,0 days 00:01:00
SC019,TO_CO_TFTU000181,PICK,at QC005,2024-11-14 10:59:11,2024-11-14 11:00:11,0 days 00:01:00
SC016,TO_CO_TFTU000042,DROP,at WS014.01,2024-11-14 10:59:16,2024-11-14 11:00:16,0 days 00:01:00
SC008,TO_CO_TFTU000162,PICK,at QC005,2024-11-14 10:59:29,2024-11-14 11:00:29,0 days 00:01:00
SC006,TO_CO_TFTU000028,DROP,at WS014.01,2024-11-14 10:59:38,2024-11-14 11:00:38,0 days 00:01:00
SC001,TO_CO_TFTU000170,DROP,at WS010.01,2024-11-14 10:59:47,2024-11-14 11:00:47,0 days 00:01:00
SC005,TO_CO_TFTU000179,PICK,at RAIL001.43,2024-11-14 10:59:47,2024-11-14 11:00:47,0 days 00:01:00
SC011,TO_CO_TFTU000176,DROP,at WS008.01,2024-11-14 10:59:50,2024-11-14 11:00:50,0 days 00:01:00
SC012,TO_CO_TFTU000078,DROP,at WS013.01,2024-11-14 10:59:56,2024-11-14 11:00:56,0 days 00:01:00
SC002,TO_CO_TFTU000187,DROP,at WS003.01,2024-11-14 11:00:05,2024-11-14 11:01:05,0 days 00:01:00
SC017,TO_CO_TFTU000058,PICK,at QC005,2024-11-14 11:00:42,2024-11-14 11:01:42,0 days 00:01:00
SC014,TO_CO_TFTU000041,DROP,at WS017.01,2024-11-14 11:00:50,2024-11-14 11:01:50,0 days 00:01:00
SC007,TO_CO_TFTU000134,PICK,at QC006,2024-11-14 11:00:56,2024-11-14 11:01:56,0 days 00:01:00
SC018,TO_CO_TFTU000159,DROP,at WS012.01,2024-11-14 11:00:57,2024-11-14 11:01:57,0 days 00:01:00
SC020,TO_CO_TFTU000184,DROP,at WS003.01,2024-11-14 11:01:01,2024-11-14 11:02:01,0 days 00:01:00
SC019,TO_CO_TFTU000181,DROP,at WS008.01,2024-11-14 11:01:21,2024-11-14 11:02:21,0 days 00:01:00
SC004,TO_CO_TFTU000118,PICK,at QC006,2024-11-14 11:01:23,2024-11-14 11:02:23,0 days 00:01:00
SC010,TO_CO_TFTU000191,PICK,at QC003,2024-11-14 11:01:27,2024-11-14 11:02:27,0 days 00:01:00
SC015,TO_CO_TFTU000079,DROP,at WS015.01,2024-11-14 11:01:32,2024-11-14 11:02:32,0 days 00:01:00
SC002,TO_CO_TFTU000192,PICK,at QC004,2024-11-14 11:01:43,2024-11-14 11:02:43,0 days 00:01:00
SC013,TO_CO_TFTU000092,PICK,at QC006,2024-11-14 11:01:45,2024-11-14 11:02:57,0 days 00:01:12
SC011,TO_CO_TFTU000180,PICK,at QC004,2024-11-14 11:01:55,2024-11-14 11:02:55,0 days 00:01:00
SC005,TO_CO_TFTU000179,DROP,at WS003.01,2024-11-14 11:02:06,2024-11-14 11:03:06,0 days 00:01:00
SC009,TO_CO_TFTU000083,DROP,at WS014.01,2024-11-14 11:02:09,2024-11-14 11:03:09,0 days 00:01:00
SC008,TO_CO_TFTU000162,DROP,at WS012.01,2024-11-14 11:02:15,2024-11-14 11:03:15,0 days 00:01:00
SC003,TO_CO_TFTU000193,PICK,at QC005,2024-11-14 11:02:16,2024-11-14 11:03:16,0 days 00:01:00
SC016,TO_CO_TFTU000145,PICK,at RAIL001.76,2024-11-14 11:02:24,2024-11-14 11:03:25,0 days 00:01:01
SC001,TO_CO_TFTU000195,PICK,at QC001,2024-11-14 11:02:46,2024-11-14 11:03:46,0 days 00:01:00
SC012,TO_CO_TFTU000150,PICK,at QC005,2024-11-14 11:02:51,2024-11-14 11:03:51,0 days 00:01:00
SC020,TO_CO_TFTU000189,PICK,at QC003,2024-11-14 11:02:57,2024-11-14 11:03:57,0 days 00:01:00
SC006,TO_CO_TFTU000093,PICK,at QC006,2024-11-14 11:03:00,2024-11-14 11:04:00,0 days 00:01:00
SC010,TO_CO_TFTU000191,DROP,at WS003.01,2024-11-14 11:03:23,2024-11-14 11:04:23,0 days 00:01:00
SC002,TO_CO_TFTU000192,DROP,at WS004.01,2024-11-14 11:03:30,2024-11-14 11:04:30,0 days 00:01:00
SC019,TO_CO_TFTU000199,PICK,at QC005,2024-11-14 11:03:31,2024-11-14 11:04:31,0 days 00:01:00
SC018,TO_CO_TFTU000200,PICK,at QC005,2024-11-14 11:03:43,2024-11-14 11:04:52,0 days 00:01:09
SC005,TO_CO_TFTU000196,PICK,at QC003,2024-11-14 11:04:02,2024-11-14 11:05:02,0 days 00:01:00
SC014,TO_CO_TFTU000157,PICK,at RAIL001.101,2024-11-14 11:04:12,2024-11-14 11:05:12,0 days 00:01:00
SC017,TO_CO_TFTU000058,DROP,at WS017.01,2024-11-14 11:04:13,2024-11-14 11:05:13,0 days 00:01:00
SC007,TO_CO_TFTU000134,DROP,at WS014.01,2024-11-14 11:04:18,2024-11-14 11:05:18,0 days 00:01:00
SC003,TO_CO_TFTU000193,DROP,at WS008.01,2024-11-14 11:04:26,2024-11-14 11:05:26,0 days 00:01:00
SC011,TO_CO_TFTU000180,DROP,at WS012.01,2024-11-14 11:04:36,2024-11-14 11:05:36,0 days 00:01:00
SC020,TO_CO_TFTU000189,DROP,at WS002.01,2024-11-14 11:04:44,2024-11-14 11:05:44,0 days 00:01:00
SC004,TO_CO_TFTU000118,DROP,at WS014.01,2024-11-14 11:04:45,2024-11-14 11:05:45,0 days 00:01:00
SC001,TO_CO_TFTU000195,DROP,at WS002.01,2024-11-14 11:04:51,2024-11-14 11:05:51,0 days 00:01:00
SC015,TO_CO_TFTU000136,PICK,at QC006,2024-11-14 11:05:03,2024-11-14 11:06:02,0 days 00:00:59
SC010,TO_CO_TFTU000169,PICK,at QC005,2024-11-14 11:05:06,2024-11-14 11:06:06,0 days 00:01:00
SC009,TO_CO_TFTU000211,PICK,at QC005,2024-11-14 11:05:13,2024-11-14 11:06:13,0 days 00:01:00
SC019,TO_CO_TFTU000199,DROP,at WS003.01,2024-11-14 11:05:14,2024-11-14 11:06:14,0 days 00:01:00
SC013,TO_CO_TFTU000092,DROP,at WS014.01,2024-11-14 11:05:19,2024-11-14 11:06:18,0 days 00:00:59
SC002,TO_CO_TFTU000203,PICK,at QC005,2024-11-14 11:05:22,2024-11-14 11:07:07,0 days 00:01:45
SC018,TO_CO_TFTU000200,DROP,at WS003.01,2024-11-14 11:05:35,2024-11-14 11:06:34,0 days 00:00:59
SC016,TO_CO_TFTU000145,DROP,at WS015.01,2024-11-14 11:05:42,2024-11-14 11:06:43,0 days 00:01:01
SC008,TO_CO_TFTU000207,PICK,at RAIL001.01,2024-11-14 11:05:46,2024-11-14 11:06:46,0 days 00:01:00
SC012,TO_CO_TFTU000150,DROP,at WS013.01,2024-11-14 11:05:46,2024-11-14 11:06:46,0 days 00:01:00
SC005,TO_CO_TFTU000196,DROP,at WS002.01,2024-11-14 11:05:49,2024-11-14 11:06:49,0 days 00:01:00
SC001,TO_CO_TFTU000201,PICK,at QC005,2024-11-14 11:06:25,2024-11-14 11:07:25,0 days 00:01:00
SC014,TO_CO_TFTU000157,DROP,at WS009.01,2024-11-14 11:06:26,2024-11-14 11:07:27,0 days 00:01:01
SC006,TO_CO_TFTU000093,DROP,at WS015.01,2024-11-14 11:06:31,2024-11-14 11:07:31,0 days 00:01:00
SC009,TO_CO_TFTU000211,DROP,at WS001.01,2024-11-14 11:06:38,2024-11-14 11:07:38,0 days 00:01:00
SC020,TO_CO_TFTU000190,PICK,at QC007,2024-11-14 11:06:54,2024-11-14 11:07:54,0 days 00:01:00
SC003,TO_CO_TFTU000220,PICK,at QC001,2024-11-14 11:07:07,2024-11-14 11:08:07,0 days 00:01:00
SC019,TO_CO_TFTU000186,PICK,at QC003,2024-11-14 11:07:10,2024-11-14 11:08:10,0 days 00:01:00
SC018,TO_CO_TFTU000215,PICK,at QC005,2024-11-14 11:07:17,2024-11-14 11:08:17,0 days 00:01:00
SC007,TO_CO_TFTU000223,PICK,at QC005,2024-11-14 11:07:22,2024-11-14 11:08:26,0 days 00:01:04
SC005,TO_CO_TFTU000214,PICK,at QC005,2024-11-14 11:07:23,2024-11-14 11:09:18,0 days 00:01:55
SC011,TO_CO_TFTU000221,PICK,at QC003,2024-11-14 11:07:35,2024-11-14 11:08:35,0 days 00:01:00
SC017,TO_CO_TFTU000148,PICK,at QC003,2024-11-14 11:07:57,2024-11-14 11:09:10,0 days 00:01:13
SC010,TO_CO_TFTU000169,DROP,at WS013.01,2024-11-14 11:08:01,2024-11-14 11:09:01,0 days 00:01:00
SC009,TO_CO_TFTU000212,PICK,at QC005,2024-11-14 11:08:03,2024-11-14 11:09:26,0 days 00:01:23
SC004,TO_CO_TFTU000171,PICK,at QC006,2024-11-14 11:08:07,2024-11-14 11:09:07,0 days 00:01:00
SC008,TO_CO_TFTU000207,DROP,at WS003.01,2024-11-14 11:08:14,2024-11-14 11:09:14,0 days 00:01:00
SC015,TO_CO_TFTU000136,DROP,at WS013.01,2024-11-14 11:08:15,2024-11-14 11:09:15,0 days 00:01:00
SC002,TO_CO_TFTU000203,DROP,at WS008.01,2024-11-14 11:08:17,2024-11-14 11:09:16,0 days 00:00:59
SC012,TO_CO_TFTU000209,PICK,at RAIL001.92,2024-11-14 11:08:37,2024-11-14 11:09:37,0 days 00:01:00
SC013,TO_CO_TFTU000084,PICK,at QC007,2024-11-14 11:08:58,2024-11-14 11:09:58,0 days 00:01:00
SC014,TO_CO_TFTU000222,PICK,at QC003,2024-11-14 11:08:59,2024-11-14 11:09:59,0 days 00:01:00
SC019,TO_CO_TFTU000186,DROP,at WS003.01,2024-11-14 11:09:06,2024-11-14 11:10:06,0 days 00:01:00
SC001,TO_CO_TFTU000201,DROP,at WS012.01,2024-11-14 11:09:11,2024-11-14 11:10:11,0 days 00:01:00
SC003,TO_CO_TFTU000220,DROP,at WS002.01,2024-11-14 11:09:12,2024-11-14 11:10:12,0 days 00:01:00
SC016,TO_CO_TFTU000101,PICK,at QC006,2024-11-14 11:09:14,2024-11-14 11:10:14,0 days 00:01:00
SC011,TO_CO_TFTU000221,DROP,at WS002.01,2024-11-14 11:09:22,2024-11-14 11:10:22,0 days 00:01:00
SC020,TO_CO_TFTU000190,DROP,at WS007.01,2024-11-14 11:09:31,2024-11-14 11:10:31,0 days 00:01:00
SC007,TO_CO_TFTU000223,DROP,at WS008.01,2024-11-14 11:09:36,2024-11-14 11:10:35,0 days 00:00:59
SC018,TO_CO_TFTU000215,DROP,at WS010.01,2024-11-14 11:09:45,2024-11-14 11:10:45,0 days 00:01:00
SC005,TO_CO_TFTU000214,DROP,at WS003.01,2024-11-14 11:10:01,2024-11-14 11:11:00,0 days 00:00:59
SC006,TO_CO_TFTU000172,PICK,at QC006,2024-11-14 11:10:02,2024-11-14 11:11:02,0 days 00:01:00
SC009,TO_CO_TFTU000212,DROP,at WS003.01,2024-11-14 11:10:09,2024-11-14 11:11:09,0 days 00:01:00
SC008,TO_CO_TFTU000144,PICK,at QC006,2024-11-14 11:10:15,2024-11-14 11:11:15,0 days 00:01:00
SC002,TO_CO_TFTU000197,PICK,at QC005,2024-11-14 11:10:26,2024-11-14 11:11:26,0 days 00:01:00
SC003,TO_CO_TFTU000226,PICK,at QC005,2024-11-14 11:10:46,2024-11-14 11:11:46,0 days 00:01:00
SC011,TO_CO_TFTU000225,PICK,at QC005,2024-11-14 11:10:56,2024-11-14 11:12:27,0 days 00:01:31
SC019,TO_CO_TFTU000182,PICK,at QC006,2024-11-14 11:11:07,2024-11-14 11:12:07,0 days 00:01:00
SC015,TO_CO_TFTU000210,PICK,at QC005,2024-11-14 11:11:10,2024-11-14 11:12:47,0 days 00:01:37
SC014,TO_CO_TFTU000222,DROP,at WS007.01,2024-11-14 11:11:13,2024-11-14 11:12:13,0 days 00:01:00
SC012,TO_CO_TFTU000209,DROP,at WS012.01,2024-11-14 11:11:19,2024-11-14 11:12:19,0 days 00:01:00
SC004,TO_CO_TFTU000171,DROP,at WS013.01,2024-11-14 11:11:20,2024-11-14 11:12:20,0 days 00:01:00
SC010,TO_CO_TFTU000213,PICK,at QC001,2024-11-14 11:11:27,2024-11-14 11:12:27,0 days 00:01:00
SC017,TO_CO_TFTU000148,DROP,at WS014.01,2024-11-14 11:11:27,2024-11-14 11:12:27,0 days 00:01:00
SC020,TO_CO_TFTU000230,PICK,at QC006,2024-11-14 11:11:50,2024-11-14 11:12:50,0 days 00:01:00
SC009,TO_CO_TFTU000163,PICK,at QC005,2024-11-14 11:11:52,2024-11-14 11:13:27,0 days 00:01:35
SC007,TO_CO_TFTU000168,PICK,at QC006,2024-11-14 11:12:03,2024-11-14 11:13:08,0 days 00:01:05
SC001,TO_CO_TFTU000205,PICK,at QC006,2024-11-14 11:12:15,2024-11-14 11:13:51,0 days 00:01:36
SC005,TO_CO_TFTU000177,PICK,at QC007,2024-11-14 11:12:19,2024-11-14 11:13:19,0 days 00:01:00
SC003,TO_CO_TFTU000226,DROP,at WS003.01,2024-11-14 11:12:29,2024-11-14 11:13:29,0 days 00:01:00
SC018,TO_CO_TFTU000229,PICK,at RAIL001.50,2024-11-14 11:12:31,2024-11-14 11:13:31,0 days 00:01:00
SC013,TO_CO_TFTU000084,DROP,at WS014.01,2024-11-14 11:12:38,2024-11-14 11:13:38,0 days 00:01:00
SC016,TO_CO_TFTU000101,DROP,at WS015.01,2024-11-14 11:12:45,2024-11-14 11:13:45,0 days 00:01:00
SC011,TO_CO_TFTU000225,DROP,at WS003.01,2024-11-14 11:13:10,2024-11-14 11:14:09,0 days 00:00:59
SC014,TO_CO_TFTU000188,PICK,at QC005,2024-11-14 11:13:14,2024-11-14 11:14:14,0 days 00:01:00
SC002,TO_CO_TFTU000197,DROP,at WS013.01,2024-11-14 11:13:21,2024-11-14 11:14:21,0 days 00:01:00
SC006,TO_CO_TFTU000172,DROP,at WS014.01,2024-11-14 11:13:24,2024-11-14 11:14:24,0 days 00:01:00
SC008,TO_CO_TFTU000144,DROP,at WS014.01,2024-11-14 11:13:37,2024-11-14 11:14:40,0 days 00:01:03
SC012,TO_CO_TFTU000231,PICK,at QC005,2024-11-14 11:14:05,2024-11-14 11:15:05,0 days 00:01:00
SC010,TO_CO_TFTU000213,DROP,at WS008.01,2024-11-14 11:14:08,2024-11-14 11:15:08,0 days 00:01:00
SC020,TO_CO_TFTU000230,DROP,at WS007.01,2024-11-14 11:14:09,2024-11-14 11:15:09,0 days 00:01:00
SC019,TO_CO_TFTU000182,DROP,at WS012.01,2024-11-14 11:14:11,2024-11-14 11:15:11,0 days 00:01:00
SC003,TO_CO_TFTU000194,PICK,at QC006,2024-11-14 11:14:30,2024-11-14 11:15:30,0 days 00:01:00
SC017,TO_CO_TFTU000217,PICK,at QC005,2024-11-14 11:14:31,2024-11-14 11:15:31,0 days 00:01:00
SC004,TO_CO_TFTU000234,PICK,at QC001,2024-11-14 11:14:46,2024-11-14 11:15:46,0 days 00:01:00
SC015,TO_CO_TFTU000210,DROP,at WS014.01,2024-11-14 11:14:51,2024-11-14 11:15:50,0 days 00:00:59
SC011,TO_CO_TFTU000185,PICK,at QC003,2024-11-14 11:15:05,2024-11-14 11:16:05,0 days 00:01:00
SC018,TO_CO_TFTU000229,DROP,at WS010.01,2024-11-14 11:15:17,2024-11-14 11:16:18,0 days 00:01:01
SC013,TO_CO_TFTU000241,PICK,at QC004,2024-11-14 11:15:37,2024-11-14 11:16:37,0 days 00:01:00
SC007,TO_CO_TFTU000168,DROP,at WS015.01,2024-11-14 11:15:39,2024-11-14 11:16:38,0 days 00:00:59
SC005,TO_CO_TFTU000177,DROP,at WS012.01,2024-11-14 11:15:41,2024-11-14 11:16:41,0 days 00:01:00
SC009,TO_CO_TFTU000163,DROP,at WS016.01,2024-11-14 11:15:49,2024-11-14 11:16:49,0 days 00:01:00
SC016,TO_CO_TFTU000239,PICK,at QC005,2024-11-14 11:15:58,2024-11-14 11:16:58,0 days 00:01:00
SC001,TO_CO_TFTU000205,DROP,at WS013.01,2024-11-14 11:16:04,2024-11-14 11:17:03,0 days 00:00:59
SC020,TO_CO_TFTU000235,PICK,at QC005,2024-11-14 11:16:10,2024-11-14 11:17:10,0 days 00:01:00
SC012,TO_CO_TFTU000231,DROP,at WS008.01,2024-11-14 11:16:15,2024-11-14 11:17:15,0 days 00:01:00
SC010,TO_CO_TFTU000238,PICK,at QC005,2024-11-14 11:16:18,2024-11-14 11:17:59,0 days 00:01:41
SC014,TO_CO_TFTU000188,DROP,at WS015.01,2024-11-14 11:16:27,2024-11-14 11:17:27,0 days 00:01:00
SC006,TO_CO_TFTU000228,PICK,at QC005,2024-11-14 11:16:28,2024-11-14 11:18:11,0 days 00:01:43
SC008,TO_CO_TFTU000240,PICK,at QC005,2024-11-14 11:16:44,2024-11-14 11:18:59,0 days 00:02:15
SC002,TO_CO_TFTU000050,PICK,at QC007,2024-11-14 11:16:52,2024-11-14 11:17:52,0 days 00:01:00
SC004,TO_CO_TFTU000234,DROP,at WS003.01,2024-11-14 11:17:00,2024-11-14 11:18:00,0 days 00:01:00
SC016,TO_CO_TFTU000239,DROP,at WS001.01,2024-11-14 11:17:23,2024-11-14 11:18:23,0 days 00:01:00
SC019,TO_CO_TFTU000233,PICK,at QC007,2024-11-14 11:17:33,2024-11-14 11:18:33,0 days 00:01:00
SC003,TO_CO_TFTU000194,DROP,at WS012.01,2024-11-14 11:17:34,2024-11-14 11:18:34,0 days 00:01:00
SC020,TO_CO_TFTU000235,DROP,at WS001.01,2024-11-14 11:17:35,2024-11-14 11:18:35,0 days 00:01:00
SC017,TO_CO_TFTU000217,DROP,at WS015.01,2024-11-14 11:17:44,2024-11-14 11:18:44,0 days 00:01:00
SC018,TO_CO_TFTU000242,PICK,at QC005,2024-11-14 11:17:46,2024-11-14 11:19:11,0 days 00:01:25
SC013,TO_CO_TFTU000241,DROP,at WS009.01,2024-11-14 11:17:51,2024-11-14 11:18:51,0 days 00:01:00
SC005,TO_CO_TFTU000248,PICK,at QC005,2024-11-14 11:18:27,2024-11-14 11:19:59,0 days 00:01:32
SC015,TO_CO_TFTU000055,PICK,at QC007,2024-11-14 11:18:30,2024-11-14 11:19:30,0 days 00:01:00
SC011,TO_CO_TFTU000185,DROP,at WS015.01,2024-11-14 11:18:31,2024-11-14 11:19:31,0 days 00:01:00
SC004,TO_CO_TFTU000251,PICK,at QC005,2024-11-14 11:18:43,2024-11-14 11:20:12,0 days 00:01:29
SC010,TO_CO_TFTU000238,DROP,at WS004.01,2024-11-14 11:18:51,2024-11-14 11:19:50,0 days 00:00:59
SC001,TO_CO_TFTU000246,PICK,at QC004,2024-11-14 11:18:53,2024-11-14 11:19:53,0 days 00:01:00
SC020,TO_CO_TFTU000247,PICK,at QC005,2024-11-14 11:19:00,2024-11-14 11:21:00,0 days 00:02:00
SC012,TO_CO_TFTU000044,PICK,at QC007,2024-11-14 11:19:01,2024-11-14 11:20:01,0 days 00:01:00
SC016,TO_CO_TFTU000244,PICK,at QC003,2024-11-14 11:19:01,2024-11-14 11:20:01,0 days 00:01:00
SC007,TO_CO_TFTU000108,PICK,at QC006,2024-11-14 11:19:09,2024-11-14 11:20:09,0 days 00:01:00
SC009,TO_CO_TFTU000178,PICK,at QC006,2024-11-14 11:19:29,2024-11-14 11:20:29,0 days 00:01:00
SC014,TO_CO_TFTU000250,PICK,at QC005,2024-11-14 11:19:40,2024-11-14 11:21:12,0 days 00:01:32
SC019,TO_CO_TFTU000233,DROP,at WS002.01,2024-11-14 11:19:43,2024-11-14 11:20:43,0 days 00:01:00
SC018,TO_CO_TFTU000242,DROP,at WS003.01,2024-11-14 11:19:54,2024-11-14 11:20:54,0 days 00:01:00
SC001,TO_CO_TFTU000246,DROP,at YARD001.27,2024-11-14 11:20:10,2024-11-14 11:21:10,0 days 00:01:00
SC005,TO_CO_TFTU000248,DROP,at YARD001.38,2024-11-14 11:20:14,2024-11-14 11:21:14,0 days 00:01:00
SC006,TO_CO_TFTU000228,DROP,at WS014.01,2024-11-14 11:20:15,2024-11-14 11:21:14,0 days 00:00:59
SC016,TO_CO_TFTU000244,DROP,at YARD001.26,2024-11-14 11:20:16,2024-11-14 11:21:16,0 days 00:01:00
SC002,TO_CO_TFTU000050,DROP,at WS015.01,2024-11-14 11:20:41,2024-11-14 11:21:41,0 days 00:01:00
SC013,TO_CO_TFTU000060,PICK,at QC007,2024-11-14 11:20:46,2024-11-14 11:21:46,0 days 00:01:00
SC004,TO_CO_TFTU000251,DROP,at YARD001.25,2024-11-14 11:20:50,2024-11-14 11:21:50,0 days 00:01:00
SC003,TO_CO_TFTU000183,PICK,at QC007,2024-11-14 11:20:56,2024-11-14 11:21:56,0 days 00:01:00
SC008,TO_CO_TFTU000240,DROP,at WS014.01,2024-11-14 11:21:03,2024-11-14 11:22:02,0 days 00:00:59
SC017,TO_CO_TFTU000257,PICK,at QC006,2024-11-14 11:21:15,2024-11-14 11:22:15,0 days 00:01:00
SC010,TO_CO_TFTU000061,PICK,at QC007,2024-11-14 11:21:18,2024-11-14 11:22:47,0 days 00:01:29
SC001,TO_CO_TFTU000245,PICK,at QC004,2024-11-14 11:21:27,2024-11-14 11:22:27,0 days 00:01:00
SC018,TO_CO_TFTU000232,PICK,at QC005,2024-11-14 11:21:37,2024-11-14 11:22:37,0 days 00:01:00
SC020,TO_CO_TFTU000247,DROP,at YARD001.21,2024-11-14 11:21:45,2024-11-14 11:22:45,0 days 00:01:00
SC005,TO_CO_TFTU000260,PICK,at QC006,2024-11-14 11:21:47,2024-11-14 11:22:47,0 days 00:01:00
SC016,TO_CO_TFTU000253,PICK,at QC005,2024-11-14 11:21:52,2024-11-14 11:22:53,0 days 00:01:01
SC019,TO_CO_TFTU000218,PICK,at QC007,2024-11-14 11:21:53,2024-11-14 11:22:57,0 days 00:01:04
SC004,TO_CO_TFTU000254,PICK,at QC004,2024-11-14 11:22:10,2024-11-14 11:23:10,0 days 00:01:00
SC014,TO_CO_TFTU000250,DROP,at WS007.01,2024-11-14 11:22:13,2024-11-14 11:23:13,0 days 00:01:00
SC015,TO_CO_TFTU000055,DROP,at WS015.01,2024-11-14 11:22:19,2024-11-14 11:23:19,0 days 00:01:00
SC011,TO_CO_TFTU000206,PICK,at QC007,2024-11-14 11:22:20,2024-11-14 11:23:47,0 days 00:01:27
SC007,TO_CO_TFTU000108,DROP,at WS016.01,2024-11-14 11:22:49,2024-11-14 11:23:49,0 days 00:01:00
SC012,TO_CO_TFTU000044,DROP,at WS015.01,2024-11-14 11:22:50,2024-11-14 11:23:50,0 days 00:01:00
SC017,TO_CO_TFTU000257,DROP,at YARD001.36,2024-11-14 11:22:51,2024-11-14 11:23:52,0 days 00:01:01
SC020,TO_CO_TFTU000252,PICK,at QC003,2024-11-14 11:22:54,2024-11-14 11:23:55,0 days 00:01:01
SC001,TO_CO_TFTU000245,DROP,at WS004.01,2024-11-14 11:23:14,2024-11-14 11:24:14,0 days 00:01:00
SC009,TO_CO_TFTU000178,DROP,at WS017.01,2024-11-14 11:23:18,2024-11-14 11:24:18,0 days 00:01:00
SC006,TO_CO_TFTU000256,PICK,at QC005,2024-11-14 11:23:18,2024-11-14 11:24:18,0 days 00:01:00
SC016,TO_CO_TFTU000253,DROP,at WS001.01,2024-11-14 11:23:18,2024-11-14 11:24:18,0 days 00:01:00
SC004,TO_CO_TFTU000254,DROP,at YARD001.21,2024-11-14 11:23:37,2024-11-14 11:24:38,0 days 00:01:01
SC018,TO_CO_TFTU000232,DROP,at WS007.01,2024-11-14 11:23:38,2024-11-14 11:24:38,0 days 00:01:00
SC005,TO_CO_TFTU000260,DROP,at YARD001.26,2024-11-14 11:23:41,2024-11-14 11:24:42,0 days 00:01:01
SC002,TO_CO_TFTU000204,PICK,at QC005,2024-11-14 11:23:54,2024-11-14 11:24:54,0 days 00:01:00
SC008,TO_CO_TFTU000216,PICK,at QC005,2024-11-14 11:24:06,2024-11-14 11:25:19,0 days 00:01:13
SC017,TO_CO_TFTU000255,PICK,at QC005,2024-11-14 11:24:10,2024-11-14 11:25:55,0 days 00:01:45
SC014,TO_CO_TFTU000267,PICK,at QC005,2024-11-14 11:24:14,2024-11-14 11:26:19,0 days 00:02:05
SC020,TO_CO_TFTU000252,DROP,at YARD001.31,2024-11-14 11:24:19,2024-11-14 11:25:19,0 days 00:01:00
SC003,TO_CO_TFTU000183,DROP,at WS014.01,2024-11-14 11:24:36,2024-11-14 11:25:36,0 days 00:01:00
SC013,TO_CO_TFTU000060,DROP,at WS016.01,2024-11-14 11:24:44,2024-11-14 11:25:44,0 days 00:01:00
SC006,TO_CO_TFTU000256,DROP,at WS002.01,2024-11-14 11:24:52,2024-11-14 11:25:52,0 days 00:01:00
SC016,TO_CO_TFTU000258,PICK,at QC006,2024-11-14 11:25:01,2024-11-14 11:26:01,0 days 00:01:00
SC004,TO_CO_TFTU000271,PICK,at QC001,2024-11-14 11:25:02,2024-11-14 11:26:02,0 days 00:01:00
SC005,TO_CO_TFTU000262,PICK,at QC003,2024-11-14 11:25:07,2024-11-14 11:26:05,0 days 00:00:58
SC019,TO_CO_TFTU000218,DROP,at WS012.01,2024-11-14 11:25:19,2024-11-14 11:26:18,0 days 00:00:59
SC001,TO_CO_TFTU000259,PICK,at QC006,2024-11-14 11:25:24,2024-11-14 11:26:24,0 days 00:01:00
SC018,TO_CO_TFTU000276,PICK,at QC005,2024-11-14 11:25:39,2024-11-14 11:26:55,0 days 00:01:16
SC010,TO_CO_TFTU000061,DROP,at WS016.01,2024-11-14 11:25:45,2024-11-14 11:26:44,0 days 00:00:59
SC020,TO_CO_TFTU000266,PICK,at QC005,2024-11-14 11:25:46,2024-11-14 11:27:20,0 days 00:01:34
SC012,TO_CO_TFTU000277,PICK,at QC004,2024-11-14 11:25:58,2024-11-14 11:26:58,0 days 00:01:00
SC015,TO_CO_TFTU000224,PICK,at QC007,2024-11-14 11:26:08,2024-11-14 11:27:08,0 days 00:01:00
SC007,TO_CO_TFTU000272,PICK,at QC005,2024-11-14 11:26:11,2024-11-14 11:27:56,0 days 00:01:45
SC005,TO_CO_TFTU000262,DROP,at YARD001.24,2024-11-14 11:26:16,2024-11-14 11:27:16,0 days 00:01:00
SC006,TO_CO_TFTU000264,PICK,at QC005,2024-11-14 11:26:26,2024-11-14 11:28:20,0 days 00:01:54
SC014,TO_CO_TFTU000267,DROP,at YARD001.37,2024-11-14 11:26:36,2024-11-14 11:27:36,0 days 00:01:00
SC017,TO_CO_TFTU000255,DROP,at WS003.01,2024-11-14 11:26:38,2024-11-14 11:27:38,0 days 00:01:00
SC011,TO_CO_TFTU000206,DROP,at WS016.01,2024-11-14 11:26:45,2024-11-14 11:27:45,0 days 00:01:00
SC009,TO_CO_TFTU000236,PICK,at QC006,2024-11-14 11:27:07,2024-11-14 11:28:07,0 days 00:01:00
SC004,TO_CO_TFTU000271,DROP,at WS002.01,2024-11-14 11:27:07,2024-11-14 11:28:07,0 days 00:01:00
SC012,TO_CO_TFTU000277,DROP,at YARD001.27,2024-11-14 11:27:15,2024-11-14 11:28:15,0 days 00:01:00
SC002,TO_CO_TFTU000204,DROP,at WS017.01,2024-11-14 11:27:25,2024-11-14 11:28:25,0 days 00:01:00
SC005,TO_CO_TFTU000077,PICK,at QC003,2024-11-14 11:27:27,2024-11-14 11:28:27,0 days 00:01:00
SC016,TO_CO_TFTU000258,DROP,at WS008.01,2024-11-14 11:27:29,2024-11-14 11:28:29,0 days 00:01:00
SC018,TO_CO_TFTU000276,DROP,at WS003.01,2024-11-14 11:27:38,2024-11-14 11:28:38,0 days 00:01:00
SC003,TO_CO_TFTU000280,PICK,at QC005,2024-11-14 11:27:40,2024-11-14 11:28:56,0 days 00:01:16
SC008,TO_CO_TFTU000216,DROP,at WS017.01,2024-11-14 11:27:50,2024-11-14 11:28:49,0 days 00:00:59
SC014,TO_CO_TFTU000273,PICK,at QC005,2024-11-14 11:27:53,2024-11-14 11:29:21,0 days 00:01:28
SC001,TO_CO_TFTU000259,DROP,at YARD001.02,2024-11-14 11:27:58,2024-11-14 11:28:59,0 days 00:01:01
SC019,TO_CO_TFTU000286,PICK,at RAIL001.93,2024-11-14 11:27:59,2024-11-14 11:28:59,0 days 00:01:00
SC017,TO_CO_TFTU000284,PICK,at QC004,2024-11-14 11:28:16,2024-11-14 11:29:16,0 days 00:01:00
SC012,TO_CO_TFTU000283,PICK,at QC003,2024-11-14 11:28:32,2024-11-14 11:29:32,0 days 00:01:00
SC013,TO_CO_TFTU000219,PICK,at QC007,2024-11-14 11:28:42,2024-11-14 11:29:42,0 days 00:01:00
SC006,TO_CO_TFTU000264,DROP,at WS001.01,2024-11-14 11:28:45,2024-11-14 11:29:45,0 days 00:01:00
SC007,TO_CO_TFTU000272,DROP,at YARD001.02,2024-11-14 11:29:12,2024-11-14 11:30:12,0 days 00:01:00
SC020,TO_CO_TFTU000266,DROP,at WS013.01,2024-11-14 11:29:15,2024-11-14 11:30:14,0 days 00:00:59
SC004,TO_CO_TFTU000198,PICK,at QC007,2024-11-14 11:29:17,2024-11-14 11:30:17,0 days 00:01:00
SC017,TO_CO_TFTU000284,DROP,at YARD001.40,2024-11-14 11:29:38,2024-11-14 11:30:38,0 days 00:01:00
SC018,TO_CO_TFTU000249,PICK,at QC006,2024-11-14 11:29:39,2024-11-14 11:30:39,0 days 00:01:00
SC010,TO_CO_TFTU000243,PICK,at QC007,2024-11-14 11:29:42,2024-11-14 11:30:43,0 days 00:01:01
SC001,TO_CO_TFTU000208,PICK,at RAIL001.40,2024-11-14 11:29:43,2024-11-14 11:30:43,0 days 00:01:00
SC012,TO_CO_TFTU000283,DROP,at YARD001.25,2024-11-14 11:29:45,2024-11-14 11:30:45,0 days 00:01:00
SC003,TO_CO_TFTU000280,DROP,at YARD001.18,2024-11-14 11:29:47,2024-11-14 11:30:47,0 days 00:01:00
SC015,TO_CO_TFTU000224,DROP,at WS014.01,2024-11-14 11:29:48,2024-11-14 11:30:48,0 days 00:01:00
SC014,TO_CO_TFTU000273,DROP,at YARD001.31,2024-11-14 11:29:48,2024-11-14 11:30:48,0 days 00:01:00
SC016,TO_CO_TFTU000227,PICK,at RAIL001.62,2024-11-14 11:29:51,2024-11-14 11:30:51,0 days 00:01:00
SC011,TO_CO_TFTU000268,PICK,at QC006,2024-11-14 11:30:25,2024-11-14 11:31:25,0 days 00:01:00
SC007,TO_CO_TFTU000282,PICK,at QC001,2024-11-14 11:30:34,2024-11-14 11:31:34,0 days 00:01:00
SC019,TO_CO_TFTU000286,DROP,at WS003.01,2024-11-14 11:30:45,2024-11-14 11:31:45,0 days 00:01:00
SC006,TO_CO_TFTU000261,PICK,at QC007,2024-11-14 11:30:46,2024-11-14 11:31:46,0 days 00:01:00
SC009,TO_CO_TFTU000236,DROP,at WS017.01,2024-11-14 11:30:56,2024-11-14 11:31:56,0 days 00:01:00
SC002,TO_CO_TFTU000263,PICK,at QC005,2024-11-14 11:30:56,2024-11-14 11:31:56,0 days 00:01:00
SC012,TO_CO_TFTU000202,PICK,at QC003,2024-11-14 11:30:58,2024-11-14 11:31:58,0 days 00:01:00
SC003,TO_CO_TFTU000275,PICK,at QC003,2024-11-14 11:31:02,2024-11-14 11:32:02,0 days 00:01:00
SC005,TO_CO_TFTU000077,DROP,at WS017.01,2024-11-14 11:31:11,2024-11-14 11:32:11,0 days 00:01:00
SC014,TO_CO_TFTU000265,PICK,at QC005,2024-11-14 11:31:15,2024-11-14 11:32:16,0 days 00:01:01
SC008,TO_CO_TFTU000279,PICK,at QC005,2024-11-14 11:31:20,2024-11-14 11:32:57,0 days 00:01:37
SC017,TO_CO_TFTU000237,PICK,at QC007,2024-11-14 11:31:25,2024-11-14 11:32:25,0 days 00:01:00
SC020,TO_CO_TFTU000270,PICK,at QC006,2024-11-14 11:32:27,2024-11-14 11:33:27,0 days 00:01:00
SC019,TO_CO_TFTU000278,PICK,at QC005,2024-11-14 11:32:28,2024-11-14 11:33:28,0 days 00:01:00
SC013,TO_CO_TFTU000219,DROP,at WS016.01,2024-11-14 11:32:40,2024-11-14 11:33:40,0 days 00:01:00
SC007,TO_CO_TFTU000282,DROP,at WS003.01,2024-11-14 11:32:48,2024-11-14 11:33:48,0 days 00:01:00
SC016,TO_CO_TFTU000227,DROP,at WS013.01,2024-11-14 11:32:58,2024-11-14 11:33:58,0 days 00:01:00
SC018,TO_CO_TFTU000249,DROP,at WS014.01,2024-11-14 11:33:01,2024-11-14 11:34:01,0 days 00:01:00
SC015,TO_CO_TFTU000274,PICK,at QC006,2024-11-14 11:33:10,2024-11-14 11:34:10,0 days 00:01:00
SC001,TO_CO_TFTU000208,DROP,at WS014.01,2024-11-14 11:33:11,2024-11-14 11:34:11,0 days 00:01:00
SC004,TO_CO_TFTU000198,DROP,at WS017.01,2024-11-14 11:33:24,2024-11-14 11:34:24,0 days 00:01:00
SC011,TO_CO_TFTU000268,DROP,at WS012.01,2024-11-14 11:33:29,2024-11-14 11:34:29,0 days 00:01:00
SC010,TO_CO_TFTU000243,DROP,at WS017.01,2024-11-14 11:33:50,2024-11-14 11:34:49,0 days 00:00:59
SC003,TO_CO_TFTU000275,DROP,at WS014.01,2024-11-14 11:34:19,2024-11-14 11:35:19,0 days 00:01:00
SC002,TO_CO_TFTU000263,DROP,at WS017.01,2024-11-14 11:34:27,2024-11-14 11:35:27,0 days 00:01:00
SC019,TO_CO_TFTU000278,DROP,at WS007.01,2024-11-14 11:34:29,2024-11-14 11:35:29,0 days 00:01:00
SC014,TO_CO_TFTU000265,DROP,at WS016.01,2024-11-14 11:34:38,2024-11-14 11:35:38,0 days 00:01:00
SC012,TO_CO_TFTU000202,DROP,at WS017.01,2024-11-14 11:34:42,2024-11-14 11:35:50,0 days 00:01:08
SC008,TO_CO_TFTU000279,DROP,at WS012.01,2024-11-14 11:34:43,2024-11-14 11:35:42,0 days 00:00:59
SC006,TO_CO_TFTU000261,DROP,at WS016.01,2024-11-14 11:34:44,2024-11-14 11:35:44,0 days 00:01:00
SC007,TO_CO_TFTU000269,PICK,at QC006,2024-11-14 11:34:49,2024-11-14 11:35:49,0 days 00:01:00
SC017,TO_CO_TFTU000237,DROP,at WS014.01,2024-11-14 11:35:05,2024-11-14 11:36:05,0 days 00:01:00
SC016,TO_CO_TFTU000285,PICK,at QC005,2024-11-14 11:35:56,2024-11-14 11:36:54,0 days 00:00:58
SC020,TO_CO_TFTU000270,DROP,at WS015.01,2024-11-14 11:35:58,2024-11-14 11:36:58,0 days 00:01:00
SC015,TO_CO_TFTU000274,DROP,at WS013.01,2024-11-14 11:36:23,2024-11-14 11:37:23,0 days 00:01:00
SC019,TO_CO_TFTU000281,PICK,at QC006,2024-11-14 11:36:48,2024-11-14 11:37:48,0 days 00:01:00
SC007,TO_CO_TFTU000269,DROP,at WS013.01,2024-11-14 11:38:02,2024-11-14 11:39:02,0 days 00:01:00
SC016,TO_CO_TFTU000285,DROP,at WS012.01,2024-11-14 11:38:40,2024-11-14 11:39:40,0 days 00:01:00
SC019,TO_CO_TFTU000281,DROP,at WS008.01,2024-11-14 11:39:16,2024-11-14 11:40:16,0 days 00:01:00
